userId,accessToken
4,eyJhbGciOiJIUzUxMiJ9.eyJzdWIiOiI0Iiwicm9sZSI6IkdFTkVSQUwiLCJlbWFpbCI6InVzZXI0QHRlc3QuY29tIiwicGVybWlzc2lvbnMiOltdLCJ0b2tlbl90eXBlIjoiQUNDRVNTIiwiaWF0IjoxNzcwNjE1MTc0LCJleHAiOjE3NzA5NzUxNzR9.rv5p5SYl2s9sSwN_E-URqDBT63tDwrSg-ZOhtTnmdBp7w5ZqbAA-n9fewFcDXGTjQB3EDOYXkKFgaF4ZU8tbqA
5,eyJhbGciOiJIUzUxMiJ9.eyJzdWIiOiI1Iiwicm9sZSI6IkdFTkVSQUwiLCJlbWFpbCI6InVzZXI1QHRlc3QuY29tIiwicGVybWlzc2lvbnMiOltdLCJ0b2tlbl90eXBlIjoiQUNDRVNTIiwiaWF0IjoxNzcwNjE1MTc0LCJleHAiOjE3NzA5NzUxNzR9.LWMADkPQ86lFooaBVRIDCH6EZ5nQ8MSiXoQt5UdoS6I-7eVQEIS2bssx8hLYr5reNse6k8r9INx_FCOI6LQePQ
6,eyJhbGciOiJIUzUxMiJ9.eyJzdWIiOiI2Iiwicm9sZSI6IkdFTkVSQUwiLCJlbWFpbCI6InVzZXI2QHRlc3QuY29tIiwicGVybWlzc2lvbnMiOltdLCJ0b2tlbl90eXBlIjoiQUNDRVNTIiwiaWF0IjoxNzcwNjE1MTc0LCJleHAiOjE3NzA5NzUxNzR9.2AM3b-C3rS6EukP-D3fTyRkx5EN7dJlRuhUgDcek063H_mrstjqEO2QQAckBkWxe2alE6H6ETGFo53in0Ipxiw
7,eyJhbGciOiJIUzUxMiJ9.eyJzdWIiOiI3Iiwicm9sZSI6IkdFTkVSQUwiLCJlbWFpbCI6InVzZXI3QHRlc3QuY29tIiwicGVybWlzc2lvbnMiOltdLCJ0b2tlbl90eXBlIjoiQUNDRVNTIiwiaWF0IjoxNzcwNjE1MTc0LCJleHAiOjE3NzA5NzUxNzR9.tEe3JJHu4j4kbPOQm2okZqLP3MnYtmozCIe8PEFjsF1uJHFeCToIzyFkkDrD8MJhmdrXAeBDBn8c75MgzJLjkw
8,eyJhbGciOiJIUzUxMiJ9.eyJzdWIiOiI4Iiwicm9sZSI6IkdFTkVSQUwiLCJlbWFpbCI6InVzZXI4QHRlc3QuY29tIiwicGVybWlzc2lvbnMiOltdLCJ0b2tlbl90eXBlIjoiQUNDRVNTIiwiaWF0IjoxNzcwNjE1MTc0LCJleHAiOjE3NzA5NzUxNzR9.du3gR5xMRvNmKJrGuN3gb0OSwoxymO_ea7x_LfxkqbpO-6Rm5zPrqe2h6r-TKPjDx59YnKWnwQJtrzbJulTOkg
9,eyJhbGciOiJIUzUxMiJ9.eyJzdWIiOiI5Iiwicm9sZSI6IkdFTkVSQUwiLCJlbWFpbCI6InVzZXI5QHRlc3QuY29tIiwicGVybWlzc2lvbnMiOltdLCJ0b2tlbl90eXBlIjoiQUNDRVNTIiwiaWF0IjoxNzcwNjE1MTc0LCJleHAiOjE3NzA5NzUxNzR9.opsT6CmWIwY55C25AYG7OR7E2qiD16rmVNGUCzP1838RL4uHzciNr55unTHUwJuD-cfPpT3h0ugHDnQC1pc4hg
10,eyJhbGciOiJIUzUxMiJ9.eyJzdWIiOiIxMCIsInJvbGUiOiJHRU5FUkFMIiwiZW1haWwiOiJ1c2VyMTBAdGVzdC5jb20iLCJwZXJtaXNzaW9ucyI6W10sInRva2VuX3R5cGUiOiJBQ0NFU1MiLCJpYXQiOjE3NzA2MTUxNzQsImV4cCI6MTc3MDk3NTE3NH0.7sAgSEGi37PuVW3GB-aznnYBT2nENb5sAZ78RRWBRmqX5teY9XhXBDvUKj1ebJFLtSfCbVhty7CCHvpk0iKJ4g
11,eyJhbGciOiJIUzUxMiJ9.eyJzdWIiOiIxMSIsInJvbGUiOiJHRU5FUkFMIiwiZW1haWwiOiJ1c2VyMTFAdGVzdC5jb20iLCJwZXJtaXNzaW9ucyI6W10sInRva2VuX3R5cGUiOiJBQ0NFU1MiLCJpYXQiOjE3NzA2MTUxNzQsImV4cCI6MTc3MDk3NTE3NH0.i7MELL78kEMDYh31WXyqy6AUF7grfMxygy5pk84_R3v9xoCxdFnMZpJ2LU1x9d9O0bHhqBICehOvjo6OHaQTgg
12,eyJhbGciOiJIUzUxMiJ9.eyJzdWIiOiIxMiIsInJvbGUiOiJHRU5FUkFMIiwiZW1haWwiOiJ1c2VyMTJAdGVzdC5jb20iLCJwZXJtaXNzaW9ucyI6W10sInRva2VuX3R5cGUiOiJBQ0NFU1MiLCJpYXQiOjE3NzA2MTUxNzQsImV4cCI6MTc3MDk3NTE3NH0.SLbvJQh7Cw-s46OMsFWCZFisptkjVG8qRL1e7SULxuH99FbK-rqaLi43UR4KuHqvPesEKFThqzuIXOJu6tirIQ
13,eyJhbGciOiJIUzUxMiJ9.eyJzdWIiOiIxMyIsInJvbGUiOiJHRU5FUkFMIiwiZW1haWwiOiJ1c2VyMTNAdGVzdC5jb20iLCJwZXJtaXNzaW9ucyI6W10sInRva2VuX3R5cGUiOiJBQ0NFU1MiLCJpYXQiOjE3NzA2MTUxNzQsImV4cCI6MTc3MDk3NTE3NH0.FqpiGsRUXe1KL3DOAqIAXZubjI3262PaamBOkN5t1-EaujmXxioigFx-p2KDQgVTVqrDAI7xIE0dmEnN7pkuIw
14,eyJhbGciOiJIUzUxMiJ9.eyJzdWIiOiIxNCIsInJvbGUiOiJHRU5FUkFMIiwiZW1haWwiOiJ1c2VyMTRAdGVzdC5jb20iLCJwZXJtaXNzaW9ucyI6W10sInRva2VuX3R5cGUiOiJBQ0NFU1MiLCJpYXQiOjE3NzA2MTUxNzQsImV4cCI6MTc3MDk3NTE3NH0.40zCj5PBh3uuCJGu03Sa2K-pvbQ74lAeolkZfZKL2ZPS9T0bsYq0MnthZldHVk2zsnxJwwd-nVcqsZ5Up1ZeHg
15,eyJhbGciOiJIUzUxMiJ9.eyJzdWIiOiIxNSIsInJvbGUiOiJHRU5FUkFMIiwiZW1haWwiOiJ1c2VyMTVAdGVzdC5jb20iLCJwZXJtaXNzaW9ucyI6W10sInRva2VuX3R5cGUiOiJBQ0NFU1MiLCJpYXQiOjE3NzA2MTUxNzQsImV4cCI6MTc3MDk3NTE3NH0.RQXMCP7Byc8k_KSitnq564QRTY8X2Z7ihj9i_uxuQD_YR8Q6fNzILhdybia6Yy8xn0RqDv7DaEl6_6J-WvgZSQ
16,eyJhbGciOiJIUzUxMiJ9.eyJzdWIiOiIxNiIsInJvbGUiOiJHRU5FUkFMIiwiZW1haWwiOiJ1c2VyMTZAdGVzdC5jb20iLCJwZXJtaXNzaW9ucyI6W10sInRva2VuX3R5cGUiOiJBQ0NFU1MiLCJpYXQiOjE3NzA2MTUxNzQsImV4cCI6MTc3MDk3NTE3NH0.OOYpZkHGDhn2fBklzDmTDkhrTCVDBDRVyqzqrt7e_X5lMUgLwhdZGAXT2soh3gjlD96KNAa_qCc3hivJ07eadQ
17,eyJhbGciOiJIUzUxMiJ9.eyJzdWIiOiIxNyIsInJvbGUiOiJHRU5FUkFMIiwiZW1haWwiOiJ1c2VyMTdAdGVzdC5jb20iLCJwZXJtaXNzaW9ucyI6W10sInRva2VuX3R5cGUiOiJBQ0NFU1MiLCJpYXQiOjE3NzA2MTUxNzQsImV4cCI6MTc3MDk3NTE3NH0.8GF-YVBGpq9BsQaKxdk6syN5gvFkGBEHh-KwblofTp8p59bO48luSvcg5TM14ExP0woFkHLUaCah9ltqDV_Mrw
18,eyJhbGciOiJIUzUxMiJ9.eyJzdWIiOiIxOCIsInJvbGUiOiJHRU5FUkFMIiwiZW1haWwiOiJ1c2VyMThAdGVzdC5jb20iLCJwZXJtaXNzaW9ucyI6W10sInRva2VuX3R5cGUiOiJBQ0NFU1MiLCJpYXQiOjE3NzA2MTUxNzQsImV4cCI6MTc3MDk3NTE3NH0.0z63qBGw2Wa6rjiQss98sKwC-ozSlLv9tabaXDpMVfrdmzCepaO0jUeIEo7mhkQ5iwMPAzrI5x0nx1u8ZsHdPw
19,eyJhbGciOiJIUzUxMiJ9.eyJzdWIiOiIxOSIsInJvbGUiOiJHRU5FUkFMIiwiZW1haWwiOiJ1c2VyMTlAdGVzdC5jb20iLCJwZXJtaXNzaW9ucyI6W10sInRva2VuX3R5cGUiOiJBQ0NFU1MiLCJpYXQiOjE3NzA2MTUxNzQsImV4cCI6MTc3MDk3NTE3NH0.iN400BXNHoKqbx8JLuZwnv39EPBrmS5byMvDpS0Zz56ZCBI72j8wbRfLMz6AB169TutoAszf5FuDXxT2qCW75w
20,eyJhbGciOiJIUzUxMiJ9.eyJzdWIiOiIyMCIsInJvbGUiOiJHRU5FUkFMIiwiZW1haWwiOiJ1c2VyMjBAdGVzdC5jb20iLCJwZXJtaXNzaW9ucyI6W10sInRva2VuX3R5cGUiOiJBQ0NFU1MiLCJpYXQiOjE3NzA2MTUxNzQsImV4cCI6MTc3MDk3NTE3NH0.HicLvEYLnVWoq07FQFburFjzS1TZNNN01KlAaG6df43GJ-ZB_lF8dMSHCwKOBJXsfld2hIcNo6NO9tZI2NPgMg
21,eyJhbGciOiJIUzUxMiJ9.eyJzdWIiOiIyMSIsInJvbGUiOiJHRU5FUkFMIiwiZW1haWwiOiJ1c2VyMjFAdGVzdC5jb20iLCJwZXJtaXNzaW9ucyI6W10sInRva2VuX3R5cGUiOiJBQ0NFU1MiLCJpYXQiOjE3NzA2MTUxNzQsImV4cCI6MTc3MDk3NTE3NH0.oDztk1qQI9663SRG9ueNN7fCCfO9p07nB1Sp5VOn-u7jTAW4xZKFKkqS0HI1WvBdfEbYkhxtOjnWdIKCRrzD9w
22,eyJhbGciOiJIUzUxMiJ9.eyJzdWIiOiIyMiIsInJvbGUiOiJHRU5FUkFMIiwiZW1haWwiOiJ1c2VyMjJAdGVzdC5jb20iLCJwZXJtaXNzaW9ucyI6W10sInRva2VuX3R5cGUiOiJBQ0NFU1MiLCJpYXQiOjE3NzA2MTUxNzQsImV4cCI6MTc3MDk3NTE3NH0.fkdyJwLfQwmjNpMunUilMLEP4JuaLNhwNAKjbAOQMrNABI-2xKSeFiRh_vPZwvImJP9UI8T-PwdWVobRdmZTfQ
23,eyJhbGciOiJIUzUxMiJ9.eyJzdWIiOiIyMyIsInJvbGUiOiJHRU5FUkFMIiwiZW1haWwiOiJ1c2VyMjNAdGVzdC5jb20iLCJwZXJtaXNzaW9ucyI6W10sInRva2VuX3R5cGUiOiJBQ0NFU1MiLCJpYXQiOjE3NzA2MTUxNzQsImV4cCI6MTc3MDk3NTE3NH0.1uX-72BsL4Jhkza_tM4Uf0FN32_AdmTXI8zkhyAjAGciC9CLtX-p0sp44GjvQi4_-Tk_odsOkgopunWXmmABKw
24,eyJhbGciOiJIUzUxMiJ9.eyJzdWIiOiIyNCIsInJvbGUiOiJHRU5FUkFMIiwiZW1haWwiOiJ1c2VyMjRAdGVzdC5jb20iLCJwZXJtaXNzaW9ucyI6W10sInRva2VuX3R5cGUiOiJBQ0NFU1MiLCJpYXQiOjE3NzA2MTUxNzQsImV4cCI6MTc3MDk3NTE3NH0.bY--5Jb__nUIVSZo8rZdhpvBKbTsRSA4Na5NJ32nt2O9shcUmrjLR1K8saAOS9_oVZ5G93aEpgjYFdDaNH6-kQ
25,eyJhbGciOiJIUzUxMiJ9.eyJzdWIiOiIyNSIsInJvbGUiOiJHRU5FUkFMIiwiZW1haWwiOiJ1c2VyMjVAdGVzdC5jb20iLCJwZXJtaXNzaW9ucyI6W10sInRva2VuX3R5cGUiOiJBQ0NFU1MiLCJpYXQiOjE3NzA2MTUxNzQsImV4cCI6MTc3MDk3NTE3NH0.eI41fGxxOzOhJ8f98VqI6AhY7kYEEIiOAGHLdFthU45mR8_BcYkpWFo2dQc6H3a2Ms6UDPdwLjmV6-e6-PFwDw
26,eyJhbGciOiJIUzUxMiJ9.eyJzdWIiOiIyNiIsInJvbGUiOiJHRU5FUkFMIiwiZW1haWwiOiJ1c2VyMjZAdGVzdC5jb20iLCJwZXJtaXNzaW9ucyI6W10sInRva2VuX3R5cGUiOiJBQ0NFU1MiLCJpYXQiOjE3NzA2MTUxNzQsImV4cCI6MTc3MDk3NTE3NH0.t5kVKfyZARX0XcFuNOjvL1s6iIkbYA_yQ0gI_rAhVcF5voz0NAbRrMfssQespdL0FdK7RcWaaDqJG1AuR96b9Q
27,eyJhbGciOiJIUzUxMiJ9.eyJzdWIiOiIyNyIsInJvbGUiOiJHRU5FUkFMIiwiZW1haWwiOiJ1c2VyMjdAdGVzdC5jb20iLCJwZXJtaXNzaW9ucyI6W10sInRva2VuX3R5cGUiOiJBQ0NFU1MiLCJpYXQiOjE3NzA2MTUxNzUsImV4cCI6MTc3MDk3NTE3NX0.hh1qvRJYewvTxSBI5n3lZQcUYgfGmromHLLx6rhuWitojDe1QTFicPHVP39PeaMc31Jmebiot6GGl4MmcLjcbg
28,eyJhbGciOiJIUzUxMiJ9.eyJzdWIiOiIyOCIsInJvbGUiOiJHRU5FUkFMIiwiZW1haWwiOiJ1c2VyMjhAdGVzdC5jb20iLCJwZXJtaXNzaW9ucyI6W10sInRva2VuX3R5cGUiOiJBQ0NFU1MiLCJpYXQiOjE3NzA2MTUxNzUsImV4cCI6MTc3MDk3NTE3NX0.wxRVhHJfpkahebJY8K3FrwmDCtdJEX0f0qyhIO6-snamQwI7-AFjfRpOQ1QDluOciQZ-3Gqv0sTj4mHhz9PzFA
29,eyJhbGciOiJIUzUxMiJ9.eyJzdWIiOiIyOSIsInJvbGUiOiJHRU5FUkFMIiwiZW1haWwiOiJ1c2VyMjlAdGVzdC5jb20iLCJwZXJtaXNzaW9ucyI6W10sInRva2VuX3R5cGUiOiJBQ0NFU1MiLCJpYXQiOjE3NzA2MTUxNzUsImV4cCI6MTc3MDk3NTE3NX0.um1sSYwIl6m33q2qkv_fpYYPIkhCb3QOL_3MGnl4YvEGW2k8GHC5oIIOm-_dicbb_7umM1kWsKJFWfBV--WKRw
30,eyJhbGciOiJIUzUxMiJ9.eyJzdWIiOiIzMCIsInJvbGUiOiJHRU5FUkFMIiwiZW1haWwiOiJ1c2VyMzBAdGVzdC5jb20iLCJwZXJtaXNzaW9ucyI6W10sInRva2VuX3R5cGUiOiJBQ0NFU1MiLCJpYXQiOjE3NzA2MTUxNzUsImV4cCI6MTc3MDk3NTE3NX0.82_UeqdClOBisbfHWgnDKST5Dz5hI_McJiSN3hMCHrAOzQnHGs4LeFQYes-tHr9moYm0ozcid4ZjiD7-E_6D-Q
31,eyJhbGciOiJIUzUxMiJ9.eyJzdWIiOiIzMSIsInJvbGUiOiJHRU5FUkFMIiwiZW1haWwiOiJ1c2VyMzFAdGVzdC5jb20iLCJwZXJtaXNzaW9ucyI6W10sInRva2VuX3R5cGUiOiJBQ0NFU1MiLCJpYXQiOjE3NzA2MTUxNzUsImV4cCI6MTc3MDk3NTE3NX0.g876pDUHnxah3-XxEqU4FuhaSFEZCvAQzcQ-kQIZus1w_C_MkPmtx9U2ZuadaAiblx462kre0RFD1QSU79s1KQ
32,eyJhbGciOiJIUzUxMiJ9.eyJzdWIiOiIzMiIsInJvbGUiOiJHRU5FUkFMIiwiZW1haWwiOiJ1c2VyMzJAdGVzdC5jb20iLCJwZXJtaXNzaW9ucyI6W10sInRva2VuX3R5cGUiOiJBQ0NFU1MiLCJpYXQiOjE3NzA2MTUxNzUsImV4cCI6MTc3MDk3NTE3NX0.0XFeY92A4rQ55wIROshCrlVyFnZo_gBbRsp0Zel0v9bLxQsFlwVv_-i8o7x57jGuyCF7UMPmPLFULy1sO_sqzw
33,eyJhbGciOiJIUzUxMiJ9.eyJzdWIiOiIzMyIsInJvbGUiOiJHRU5FUkFMIiwiZW1haWwiOiJ1c2VyMzNAdGVzdC5jb20iLCJwZXJtaXNzaW9ucyI6W10sInRva2VuX3R5cGUiOiJBQ0NFU1MiLCJpYXQiOjE3NzA2MTUxNzUsImV4cCI6MTc3MDk3NTE3NX0.9VDzgnGskyhVb85TwtzaBtXkyv61-RhRpEU1NisYYcjPTuK_d-vo3fXkqMh5lOy3ZP371cnBRzPK4IthxxXRtQ
34,eyJhbGciOiJIUzUxMiJ9.eyJzdWIiOiIzNCIsInJvbGUiOiJHRU5FUkFMIiwiZW1haWwiOiJ1c2VyMzRAdGVzdC5jb20iLCJwZXJtaXNzaW9ucyI6W10sInRva2VuX3R5cGUiOiJBQ0NFU1MiLCJpYXQiOjE3NzA2MTUxNzUsImV4cCI6MTc3MDk3NTE3NX0.ODob4duKaKXl7iI8Ox0eQXp3pz9QpeY4X2V8NBCV7O0FT4k0eaOcoaK7QeQv9CAu3AOe1RLq2jG3o75WmhI09w
35,eyJhbGciOiJIUzUxMiJ9.eyJzdWIiOiIzNSIsInJvbGUiOiJHRU5FUkFMIiwiZW1haWwiOiJ1c2VyMzVAdGVzdC5jb20iLCJwZXJtaXNzaW9ucyI6W10sInRva2VuX3R5cGUiOiJBQ0NFU1MiLCJpYXQiOjE3NzA2MTUxNzUsImV4cCI6MTc3MDk3NTE3NX0.nDLNs4-FvZC_t6YA2xVLuzc9vRH2mwrQ2053CxuRCC0alU70TwPr8GeHuEzzoJ5WRNZeK-hLRIF9PKqVOVvZNg
36,eyJhbGciOiJIUzUxMiJ9.eyJzdWIiOiIzNiIsInJvbGUiOiJHRU5FUkFMIiwiZW1haWwiOiJ1c2VyMzZAdGVzdC5jb20iLCJwZXJtaXNzaW9ucyI6W10sInRva2VuX3R5cGUiOiJBQ0NFU1MiLCJpYXQiOjE3NzA2MTUxNzUsImV4cCI6MTc3MDk3NTE3NX0.pr7Ek6W2SMOqjApwO-EJ34TOfO5N4ZtdzYWioCIWW0vlQFg8E8aDqrdZ0x1IkL472TGFQW47QG6SxyTLtg_tlw
37,eyJhbGciOiJIUzUxMiJ9.eyJzdWIiOiIzNyIsInJvbGUiOiJHRU5FUkFMIiwiZW1haWwiOiJ1c2VyMzdAdGVzdC5jb20iLCJwZXJtaXNzaW9ucyI6W10sInRva2VuX3R5cGUiOiJBQ0NFU1MiLCJpYXQiOjE3NzA2MTUxNzUsImV4cCI6MTc3MDk3NTE3NX0.kC9a4iTiV1qqDxNlAiAwIctcc4hFGxyNT5weOY-0y58xpRuSx80ZN9jwv4rdrVWV4VAgAiZBjjgdabYXUX5lxw
38,eyJhbGciOiJIUzUxMiJ9.eyJzdWIiOiIzOCIsInJvbGUiOiJHRU5FUkFMIiwiZW1haWwiOiJ1c2VyMzhAdGVzdC5jb20iLCJwZXJtaXNzaW9ucyI6W10sInRva2VuX3R5cGUiOiJBQ0NFU1MiLCJpYXQiOjE3NzA2MTUxNzUsImV4cCI6MTc3MDk3NTE3NX0.7EYDyNL5-rjz6qwbQMAfkjWKpbNgx2Dp4Ja9to7Iz4eDlL7xgZOUHFF6iy5vAWtkh_iyh4RxA7uPmLqbTNyPaA
39,eyJhbGciOiJIUzUxMiJ9.eyJzdWIiOiIzOSIsInJvbGUiOiJHRU5FUkFMIiwiZW1haWwiOiJ1c2VyMzlAdGVzdC5jb20iLCJwZXJtaXNzaW9ucyI6W10sInRva2VuX3R5cGUiOiJBQ0NFU1MiLCJpYXQiOjE3NzA2MTUxNzUsImV4cCI6MTc3MDk3NTE3NX0.KYnUwcvgLYdsPdMDquPU4ddDUw8LxKqK_gRt6fjjXw5e5c-nDLVypeS8VGXmi5ntXVuMI0hQ31beQogNZ93YUQ
40,eyJhbGciOiJIUzUxMiJ9.eyJzdWIiOiI0MCIsInJvbGUiOiJHRU5FUkFMIiwiZW1haWwiOiJ1c2VyNDBAdGVzdC5jb20iLCJwZXJtaXNzaW9ucyI6W10sInRva2VuX3R5cGUiOiJBQ0NFU1MiLCJpYXQiOjE3NzA2MTUxNzUsImV4cCI6MTc3MDk3NTE3NX0.fnkb8itWXeVCuDmSZrBgqCRkfGvWUcAVlkVPVhooN_5bibjFzyl1o-jlM4wiKmxMDx8BVJ3yF64KTFTUadooQw
41,eyJhbGciOiJIUzUxMiJ9.eyJzdWIiOiI0MSIsInJvbGUiOiJHRU5FUkFMIiwiZW1haWwiOiJ1c2VyNDFAdGVzdC5jb20iLCJwZXJtaXNzaW9ucyI6W10sInRva2VuX3R5cGUiOiJBQ0NFU1MiLCJpYXQiOjE3NzA2MTUxNzUsImV4cCI6MTc3MDk3NTE3NX0.CGQ9xh831gyWHJ1xzjWOAajhivTgNH1vtYtxVrVH0qmOGVjNVBn_NmVNTmMuuNIkB3Tx019fxMe0m3LN-zfmxg
42,eyJhbGciOiJIUzUxMiJ9.eyJzdWIiOiI0MiIsInJvbGUiOiJHRU5FUkFMIiwiZW1haWwiOiJ1c2VyNDJAdGVzdC5jb20iLCJwZXJtaXNzaW9ucyI6W10sInRva2VuX3R5cGUiOiJBQ0NFU1MiLCJpYXQiOjE3NzA2MTUxNzUsImV4cCI6MTc3MDk3NTE3NX0._-KlMrXTaRj8g9_lJtdqfoPed7w2PGBdl8pH3zbb75SpMu2DLKfUpOfk6BjzbjnvN01TpJC8qpO7wt5El0MA9w
43,eyJhbGciOiJIUzUxMiJ9.eyJzdWIiOiI0MyIsInJvbGUiOiJHRU5FUkFMIiwiZW1haWwiOiJ1c2VyNDNAdGVzdC5jb20iLCJwZXJtaXNzaW9ucyI6W10sInRva2VuX3R5cGUiOiJBQ0NFU1MiLCJpYXQiOjE3NzA2MTUxNzUsImV4cCI6MTc3MDk3NTE3NX0.w7SIF38B2-q0JM1dwCB0_vhTEh2TsUV-nJouaQtb53jFwT3NX_DmppuTF_dL-xyBKLBleA0CZJVxeimMufWLKw
44,eyJhbGciOiJIUzUxMiJ9.eyJzdWIiOiI0NCIsInJvbGUiOiJHRU5FUkFMIiwiZW1haWwiOiJ1c2VyNDRAdGVzdC5jb20iLCJwZXJtaXNzaW9ucyI6W10sInRva2VuX3R5cGUiOiJBQ0NFU1MiLCJpYXQiOjE3NzA2MTUxNzUsImV4cCI6MTc3MDk3NTE3NX0.XEvqhfiq1UXP3WAH-p6paOrcq38FQl0DHaG80NBPWkYPOmth3tpCJOtFE5mwJjRWe_nQi8tj0J9-jaDwdJsLCw
45,eyJhbGciOiJIUzUxMiJ9.eyJzdWIiOiI0NSIsInJvbGUiOiJHRU5FUkFMIiwiZW1haWwiOiJ1c2VyNDVAdGVzdC5jb20iLCJwZXJtaXNzaW9ucyI6W10sInRva2VuX3R5cGUiOiJBQ0NFU1MiLCJpYXQiOjE3NzA2MTUxNzUsImV4cCI6MTc3MDk3NTE3NX0.HBl2lef0paddxIxDFalT5_nYCNfP1fOX0TnrPA8ZIO-smRVtM2HR9_PvBMIqTOoKXHY8zvosMBbAOIoa1QyD6A
46,eyJhbGciOiJIUzUxMiJ9.eyJzdWIiOiI0NiIsInJvbGUiOiJHRU5FUkFMIiwiZW1haWwiOiJ1c2VyNDZAdGVzdC5jb20iLCJwZXJtaXNzaW9ucyI6W10sInRva2VuX3R5cGUiOiJBQ0NFU1MiLCJpYXQiOjE3NzA2MTUxNzUsImV4cCI6MTc3MDk3NTE3NX0.iFgZef1lAfYHcuQHM0YZQtyeduErEDkubATkjAJcrLoG80L3AWsrxsIPRUmeFjm34fVIjDRF8lt5m2ZyVPvczg
47,eyJhbGciOiJIUzUxMiJ9.eyJzdWIiOiI0NyIsInJvbGUiOiJHRU5FUkFMIiwiZW1haWwiOiJ1c2VyNDdAdGVzdC5jb20iLCJwZXJtaXNzaW9ucyI6W10sInRva2VuX3R5cGUiOiJBQ0NFU1MiLCJpYXQiOjE3NzA2MTUxNzUsImV4cCI6MTc3MDk3NTE3NX0.evDCA3DwqEANVtIJcOQ1SpLdb7Lf_5hqVLtkm1MOFq2_DXjeB0xx6gcSqGJvHjh31xiESQYQf2YOUOzTYwqzxw
48,eyJhbGciOiJIUzUxMiJ9.eyJzdWIiOiI0OCIsInJvbGUiOiJHRU5FUkFMIiwiZW1haWwiOiJ1c2VyNDhAdGVzdC5jb20iLCJwZXJtaXNzaW9ucyI6W10sInRva2VuX3R5cGUiOiJBQ0NFU1MiLCJpYXQiOjE3NzA2MTUxNzUsImV4cCI6MTc3MDk3NTE3NX0.WUT8EagpNwH8LShYii7LCl1Vmk28AFCdjfygE7tlGBEPvuJOVQn7G9rZgEpL7p12CxerjXszpuF97yePq8-wnw
49,eyJhbGciOiJIUzUxMiJ9.eyJzdWIiOiI0OSIsInJvbGUiOiJHRU5FUkFMIiwiZW1haWwiOiJ1c2VyNDlAdGVzdC5jb20iLCJwZXJtaXNzaW9ucyI6W10sInRva2VuX3R5cGUiOiJBQ0NFU1MiLCJpYXQiOjE3NzA2MTUxNzUsImV4cCI6MTc3MDk3NTE3NX0.0ND6ij2F681tycrTbGnryQCdAz48YnyrN7JFMGymt2X5VYo3zcC_AjpPg0Q6eaNCKo6VVCYMTheRtnSqFeNq-g
50,eyJhbGciOiJIUzUxMiJ9.eyJzdWIiOiI1MCIsInJvbGUiOiJHRU5FUkFMIiwiZW1haWwiOiJ1c2VyNTBAdGVzdC5jb20iLCJwZXJtaXNzaW9ucyI6W10sInRva2VuX3R5cGUiOiJBQ0NFU1MiLCJpYXQiOjE3NzA2MTUxNzUsImV4cCI6MTc3MDk3NTE3NX0.G-XS2z7Wx13oBpJEorfs5Jgm6O_0tVZve2ArmwTLQIL-lR-gwlrjBLBuy3Q7H2awpQJ1Id6x7_nboMcWtowaOQ
51,eyJhbGciOiJIUzUxMiJ9.eyJzdWIiOiI1MSIsInJvbGUiOiJHRU5FUkFMIiwiZW1haWwiOiJ1c2VyNTFAdGVzdC5jb20iLCJwZXJtaXNzaW9ucyI6W10sInRva2VuX3R5cGUiOiJBQ0NFU1MiLCJpYXQiOjE3NzA2MTUxNzUsImV4cCI6MTc3MDk3NTE3NX0.zRbx2u7iyS1qiE-Y2_M2_hsj4RFTnMoE5dqGygNCh-ew1LsbLEghhswBErpxj-Dt0YUCdrjD2h8WFYnFrZ4ybw
52,eyJhbGciOiJIUzUxMiJ9.eyJzdWIiOiI1MiIsInJvbGUiOiJHRU5FUkFMIiwiZW1haWwiOiJ1c2VyNTJAdGVzdC5jb20iLCJwZXJtaXNzaW9ucyI6W10sInRva2VuX3R5cGUiOiJBQ0NFU1MiLCJpYXQiOjE3NzA2MTUxNzUsImV4cCI6MTc3MDk3NTE3NX0.7EEk98H44Ma0RJ_d6xBEFd2zG3tHHnSf-S0GL2pH5s_HrFwy-Jx93nQOHwKGxTAuwdtB2579dmA7B8kvmrpujg
53,eyJhbGciOiJIUzUxMiJ9.eyJzdWIiOiI1MyIsInJvbGUiOiJHRU5FUkFMIiwiZW1haWwiOiJ1c2VyNTNAdGVzdC5jb20iLCJwZXJtaXNzaW9ucyI6W10sInRva2VuX3R5cGUiOiJBQ0NFU1MiLCJpYXQiOjE3NzA2MTUxNzUsImV4cCI6MTc3MDk3NTE3NX0.Z6SYLVUB0KiVuINaO0dBMaIGhE9wGYWA_idDQHq0ymZ3dpdnbNmgCIarWSFahuBsBPkyml0HR465eB6g8YzGiw
54,eyJhbGciOiJIUzUxMiJ9.eyJzdWIiOiI1NCIsInJvbGUiOiJHRU5FUkFMIiwiZW1haWwiOiJ1c2VyNTRAdGVzdC5jb20iLCJwZXJtaXNzaW9ucyI6W10sInRva2VuX3R5cGUiOiJBQ0NFU1MiLCJpYXQiOjE3NzA2MTUxNzUsImV4cCI6MTc3MDk3NTE3NX0.peK_auKf0LnYb5iGK1RGkvYzw0S7M9wd4fmz0ZWEOYKhASNDq4AFileX9itMyKwmnLiNjecU30m_imHXL-_nbQ
55,eyJhbGciOiJIUzUxMiJ9.eyJzdWIiOiI1NSIsInJvbGUiOiJHRU5FUkFMIiwiZW1haWwiOiJ1c2VyNTVAdGVzdC5jb20iLCJwZXJtaXNzaW9ucyI6W10sInRva2VuX3R5cGUiOiJBQ0NFU1MiLCJpYXQiOjE3NzA2MTUxNzUsImV4cCI6MTc3MDk3NTE3NX0.vPWnzWdTH17vpa-u6HBHnsZChdD_KN7aIjdhECbtcPOvqSkPKVF1IZL8eV2iwu17TR8vrCVmX-2DCt3wrDVJbg
56,eyJhbGciOiJIUzUxMiJ9.eyJzdWIiOiI1NiIsInJvbGUiOiJHRU5FUkFMIiwiZW1haWwiOiJ1c2VyNTZAdGVzdC5jb20iLCJwZXJtaXNzaW9ucyI6W10sInRva2VuX3R5cGUiOiJBQ0NFU1MiLCJpYXQiOjE3NzA2MTUxNzUsImV4cCI6MTc3MDk3NTE3NX0.gHq1IpyDQ3DnUV6MFWWv2MKiVPYLEShqkVN9Qj9gvTW3Suc5LsITGmL4q5WhhXDPHVG67aW6giDKKBj7a9CZNQ
57,eyJhbGciOiJIUzUxMiJ9.eyJzdWIiOiI1NyIsInJvbGUiOiJHRU5FUkFMIiwiZW1haWwiOiJ1c2VyNTdAdGVzdC5jb20iLCJwZXJtaXNzaW9ucyI6W10sInRva2VuX3R5cGUiOiJBQ0NFU1MiLCJpYXQiOjE3NzA2MTUxNzUsImV4cCI6MTc3MDk3NTE3NX0.TRjHnNn8I_xdvX_qyKNh6MGCxihesKNScGpLjOZIcfq5kXCbkG4_Qh-j3TFYh8gKTaa0VO4fnygCG-w3UfB0_A
58,eyJhbGciOiJIUzUxMiJ9.eyJzdWIiOiI1OCIsInJvbGUiOiJHRU5FUkFMIiwiZW1haWwiOiJ1c2VyNThAdGVzdC5jb20iLCJwZXJtaXNzaW9ucyI6W10sInRva2VuX3R5cGUiOiJBQ0NFU1MiLCJpYXQiOjE3NzA2MTUxNzUsImV4cCI6MTc3MDk3NTE3NX0.9c7eZ1QLm-Okk54bLpNGHkglqtG_wZt0pTqjnwNvQnwoAkJG3tQd-Cy4gfr4n-KB1OGgNrO5sWgDLwU18NbQCQ
59,eyJhbGciOiJIUzUxMiJ9.eyJzdWIiOiI1OSIsInJvbGUiOiJHRU5FUkFMIiwiZW1haWwiOiJ1c2VyNTlAdGVzdC5jb20iLCJwZXJtaXNzaW9ucyI6W10sInRva2VuX3R5cGUiOiJBQ0NFU1MiLCJpYXQiOjE3NzA2MTUxNzYsImV4cCI6MTc3MDk3NTE3Nn0.Wzgfq_bl1HuCqzbFIeDog3ydfWAZYEqljLN5ynozSNohbdlLBeBY7VCFFKsEvWWOuPeQpc1coth5IZANcvxEkQ
60,eyJhbGciOiJIUzUxMiJ9.eyJzdWIiOiI2MCIsInJvbGUiOiJHRU5FUkFMIiwiZW1haWwiOiJ1c2VyNjBAdGVzdC5jb20iLCJwZXJtaXNzaW9ucyI6W10sInRva2VuX3R5cGUiOiJBQ0NFU1MiLCJpYXQiOjE3NzA2MTUxNzYsImV4cCI6MTc3MDk3NTE3Nn0.psioeBR7Zw6NHpm5iROpWWTCZ03vEaNKFphYMJa1PNkwKRHsODRn6WbTCb2x0zxjP-U1R6sIEpKSLyvjoFtCBw
61,eyJhbGciOiJIUzUxMiJ9.eyJzdWIiOiI2MSIsInJvbGUiOiJHRU5FUkFMIiwiZW1haWwiOiJ1c2VyNjFAdGVzdC5jb20iLCJwZXJtaXNzaW9ucyI6W10sInRva2VuX3R5cGUiOiJBQ0NFU1MiLCJpYXQiOjE3NzA2MTUxNzYsImV4cCI6MTc3MDk3NTE3Nn0.BwoDKp92iYaCyLNJcrPgsBpavk1ZFTU8JCId88iXlhnBF6pnWbnSBQ-eZ16uPXgQwp9c7VARt6YTAzvir8CUxQ
62,eyJhbGciOiJIUzUxMiJ9.eyJzdWIiOiI2MiIsInJvbGUiOiJHRU5FUkFMIiwiZW1haWwiOiJ1c2VyNjJAdGVzdC5jb20iLCJwZXJtaXNzaW9ucyI6W10sInRva2VuX3R5cGUiOiJBQ0NFU1MiLCJpYXQiOjE3NzA2MTUxNzYsImV4cCI6MTc3MDk3NTE3Nn0.kGSih1dxsC9-X-X2yUzfOHXp1rsmN97ZFTNc20uHzXMHbx9AGaaKOayt6C4QdPY0V2PFaKvsX0uAP-2cPbxJUQ
63,eyJhbGciOiJIUzUxMiJ9.eyJzdWIiOiI2MyIsInJvbGUiOiJHRU5FUkFMIiwiZW1haWwiOiJ1c2VyNjNAdGVzdC5jb20iLCJwZXJtaXNzaW9ucyI6W10sInRva2VuX3R5cGUiOiJBQ0NFU1MiLCJpYXQiOjE3NzA2MTUxNzYsImV4cCI6MTc3MDk3NTE3Nn0.xIY7BqqUdYr-evnPdAL1cPGO6syNX-PVb4GbsTP6d5HIiMBMb3_jvUfleHq_tlxkvrhVgi4Jzmv3i5J5xlnvpA
64,eyJhbGciOiJIUzUxMiJ9.eyJzdWIiOiI2NCIsInJvbGUiOiJHRU5FUkFMIiwiZW1haWwiOiJ1c2VyNjRAdGVzdC5jb20iLCJwZXJtaXNzaW9ucyI6W10sInRva2VuX3R5cGUiOiJBQ0NFU1MiLCJpYXQiOjE3NzA2MTUxNzYsImV4cCI6MTc3MDk3NTE3Nn0.fO-6ivEw616PAXXWpbgh0nd_oVal8-RtDMXWSp2g09a9lRh_EhEtePVbkNIt4kLLbSUVXDum7QiwdlKnIePgEA
65,eyJhbGciOiJIUzUxMiJ9.eyJzdWIiOiI2NSIsInJvbGUiOiJHRU5FUkFMIiwiZW1haWwiOiJ1c2VyNjVAdGVzdC5jb20iLCJwZXJtaXNzaW9ucyI6W10sInRva2VuX3R5cGUiOiJBQ0NFU1MiLCJpYXQiOjE3NzA2MTUxNzYsImV4cCI6MTc3MDk3NTE3Nn0.SRv-Vt6L_EjHGT_GRPlsTnc1ndwLWnecq4QlrZ60ripxT2zYSqGr8_IX2457O82BORE2C63BL5R7w1Po2tTIKw
66,eyJhbGciOiJIUzUxMiJ9.eyJzdWIiOiI2NiIsInJvbGUiOiJHRU5FUkFMIiwiZW1haWwiOiJ1c2VyNjZAdGVzdC5jb20iLCJwZXJtaXNzaW9ucyI6W10sInRva2VuX3R5cGUiOiJBQ0NFU1MiLCJpYXQiOjE3NzA2MTUxNzYsImV4cCI6MTc3MDk3NTE3Nn0.D22t3vBeQqaE22yWIHfwYzCmpLlAVuODW4xJ33bf1nj_pGdYEKGGta2E-s2i6G2AaTRxa2cRY2GCdzOVdkMWVQ
67,eyJhbGciOiJIUzUxMiJ9.eyJzdWIiOiI2NyIsInJvbGUiOiJHRU5FUkFMIiwiZW1haWwiOiJ1c2VyNjdAdGVzdC5jb20iLCJwZXJtaXNzaW9ucyI6W10sInRva2VuX3R5cGUiOiJBQ0NFU1MiLCJpYXQiOjE3NzA2MTUxNzYsImV4cCI6MTc3MDk3NTE3Nn0.wLjnATyWmrPg9bTYdQ8f7m_PtsDskrcfaniMHZqZ1ZWtQU1HP664DLPD1_mwgVN31xZhRZcqStLkeVMKphH2YA
68,eyJhbGciOiJIUzUxMiJ9.eyJzdWIiOiI2OCIsInJvbGUiOiJHRU5FUkFMIiwiZW1haWwiOiJ1c2VyNjhAdGVzdC5jb20iLCJwZXJtaXNzaW9ucyI6W10sInRva2VuX3R5cGUiOiJBQ0NFU1MiLCJpYXQiOjE3NzA2MTUxNzYsImV4cCI6MTc3MDk3NTE3Nn0.HUDxHKd8upw6dvy3OIRFKr5O_XQvNpXz7BES6s5cmT-Vzgndn-ZfqRPFpm7qKxlMF_ek-bsaxbEXxkUC5NJTOw
69,eyJhbGciOiJIUzUxMiJ9.eyJzdWIiOiI2OSIsInJvbGUiOiJHRU5FUkFMIiwiZW1haWwiOiJ1c2VyNjlAdGVzdC5jb20iLCJwZXJtaXNzaW9ucyI6W10sInRva2VuX3R5cGUiOiJBQ0NFU1MiLCJpYXQiOjE3NzA2MTUxNzYsImV4cCI6MTc3MDk3NTE3Nn0.xhT8FvNSXCsGhmlydyfk61HWjJmwMMQ1Vai3Nz-PSCDDNvbfGPuPpFeS4yV0QDTHLBH8AzUYtnxcp1RDO6QXzw
70,eyJhbGciOiJIUzUxMiJ9.eyJzdWIiOiI3MCIsInJvbGUiOiJHRU5FUkFMIiwiZW1haWwiOiJ1c2VyNzBAdGVzdC5jb20iLCJwZXJtaXNzaW9ucyI6W10sInRva2VuX3R5cGUiOiJBQ0NFU1MiLCJpYXQiOjE3NzA2MTUxNzYsImV4cCI6MTc3MDk3NTE3Nn0.-WwIHtXHCqkISnc3DmFHYCQoWMIyhjIDmJ-CW3XBUFMzGD6TnjOficv9h7IGfZeITzin0nPOOWZZulsmlrGI2w
71,eyJhbGciOiJIUzUxMiJ9.eyJzdWIiOiI3MSIsInJvbGUiOiJHRU5FUkFMIiwiZW1haWwiOiJ1c2VyNzFAdGVzdC5jb20iLCJwZXJtaXNzaW9ucyI6W10sInRva2VuX3R5cGUiOiJBQ0NFU1MiLCJpYXQiOjE3NzA2MTUxNzYsImV4cCI6MTc3MDk3NTE3Nn0.wC_KKmOYOKQF7ztpUaYcB2GhmBvYLiqIodGtTE2Y0FqOfEbArZ6SHXNji7bs7NCB_OzzvLJ1ryfLbSWBlGGl7A
72,eyJhbGciOiJIUzUxMiJ9.eyJzdWIiOiI3MiIsInJvbGUiOiJHRU5FUkFMIiwiZW1haWwiOiJ1c2VyNzJAdGVzdC5jb20iLCJwZXJtaXNzaW9ucyI6W10sInRva2VuX3R5cGUiOiJBQ0NFU1MiLCJpYXQiOjE3NzA2MTUxNzYsImV4cCI6MTc3MDk3NTE3Nn0.XlEFQ6fCmkhe-oX9CgxEU5qq9tRL1mk0LPVnvMaOV2V2nT5xmfxE0vZDNPJfWKY0fYrSdeCMgfCmqP7Mo3c2Cw
73,eyJhbGciOiJIUzUxMiJ9.eyJzdWIiOiI3MyIsInJvbGUiOiJHRU5FUkFMIiwiZW1haWwiOiJ1c2VyNzNAdGVzdC5jb20iLCJwZXJtaXNzaW9ucyI6W10sInRva2VuX3R5cGUiOiJBQ0NFU1MiLCJpYXQiOjE3NzA2MTUxNzYsImV4cCI6MTc3MDk3NTE3Nn0.wV_AJ3GPxqG5mK7Chun7G7T3ssSiTCWMsHLIW4MWUosL3inkkjmot-B35jK6N6jhzxgXhXGzjxPrsZb-PyF87g
74,eyJhbGciOiJIUzUxMiJ9.eyJzdWIiOiI3NCIsInJvbGUiOiJHRU5FUkFMIiwiZW1haWwiOiJ1c2VyNzRAdGVzdC5jb20iLCJwZXJtaXNzaW9ucyI6W10sInRva2VuX3R5cGUiOiJBQ0NFU1MiLCJpYXQiOjE3NzA2MTUxNzYsImV4cCI6MTc3MDk3NTE3Nn0.1fGk0Zc5yQ553i8jHwsHhEDFdHgGDtixWYLSADw7WfbeTqjTV5bJOF8dDwcTCn8pNdpN8cPkT_Cqfsbqs1GQ_A
75,eyJhbGciOiJIUzUxMiJ9.eyJzdWIiOiI3NSIsInJvbGUiOiJHRU5FUkFMIiwiZW1haWwiOiJ1c2VyNzVAdGVzdC5jb20iLCJwZXJtaXNzaW9ucyI6W10sInRva2VuX3R5cGUiOiJBQ0NFU1MiLCJpYXQiOjE3NzA2MTUxNzYsImV4cCI6MTc3MDk3NTE3Nn0.3cDbIdiNqVtzXzLpqWTEl5-Lo9HBoYDoG_UthS5yYiWnmVTQ_7TZG8Ag4RhZ-exghxwyUTjB97EMuj3ko8AakA
76,eyJhbGciOiJIUzUxMiJ9.eyJzdWIiOiI3NiIsInJvbGUiOiJHRU5FUkFMIiwiZW1haWwiOiJ1c2VyNzZAdGVzdC5jb20iLCJwZXJtaXNzaW9ucyI6W10sInRva2VuX3R5cGUiOiJBQ0NFU1MiLCJpYXQiOjE3NzA2MTUxNzYsImV4cCI6MTc3MDk3NTE3Nn0.bAw-KUw7kYGCWxZK7UJA2e6B3x604Qsmv7higHc1cVPfqECZW64dkMnQxzj4c-hl3NzZfAhJnbi-LNpQ4NW0Xg
77,eyJhbGciOiJIUzUxMiJ9.eyJzdWIiOiI3NyIsInJvbGUiOiJHRU5FUkFMIiwiZW1haWwiOiJ1c2VyNzdAdGVzdC5jb20iLCJwZXJtaXNzaW9ucyI6W10sInRva2VuX3R5cGUiOiJBQ0NFU1MiLCJpYXQiOjE3NzA2MTUxNzYsImV4cCI6MTc3MDk3NTE3Nn0.Izf8XdtLKwfdaNs3Xv1NZ15l3Nm8Qp8YdK_oi8qXGFvLA-tKrPyjApMDirWn1dhyoDQ3rgISZFLgNm3skubvFw
78,eyJhbGciOiJIUzUxMiJ9.eyJzdWIiOiI3OCIsInJvbGUiOiJHRU5FUkFMIiwiZW1haWwiOiJ1c2VyNzhAdGVzdC5jb20iLCJwZXJtaXNzaW9ucyI6W10sInRva2VuX3R5cGUiOiJBQ0NFU1MiLCJpYXQiOjE3NzA2MTUxNzYsImV4cCI6MTc3MDk3NTE3Nn0.mQfnR9DY6VsT6SWn21pXWr2I-LW135x1603-TWFjwsImF3vmnwt-H3VUnT8GvzZz-pFjIyA9csYDpz7xmMWWNg
79,eyJhbGciOiJIUzUxMiJ9.eyJzdWIiOiI3OSIsInJvbGUiOiJHRU5FUkFMIiwiZW1haWwiOiJ1c2VyNzlAdGVzdC5jb20iLCJwZXJtaXNzaW9ucyI6W10sInRva2VuX3R5cGUiOiJBQ0NFU1MiLCJpYXQiOjE3NzA2MTUxNzYsImV4cCI6MTc3MDk3NTE3Nn0.vBT5WwHGSR7B1r73qWXTnXuDATVWb_kXbkT8dYpFUOz34WxOFTs6xqDvuMaUvvqyrbgoYD5W2HC1At9i5S15Aw
80,eyJhbGciOiJIUzUxMiJ9.eyJzdWIiOiI4MCIsInJvbGUiOiJHRU5FUkFMIiwiZW1haWwiOiJ1c2VyODBAdGVzdC5jb20iLCJwZXJtaXNzaW9ucyI6W10sInRva2VuX3R5cGUiOiJBQ0NFU1MiLCJpYXQiOjE3NzA2MTUxNzYsImV4cCI6MTc3MDk3NTE3Nn0.Tv2nO4-duwXTtT-kJfdnkL2itncVLMtRyZXmV9i-r43nXqcRAjiOOBJjlVygyGTJ99o9mFIUz7cR01gV-MkUAg
81,eyJhbGciOiJIUzUxMiJ9.eyJzdWIiOiI4MSIsInJvbGUiOiJHRU5FUkFMIiwiZW1haWwiOiJ1c2VyODFAdGVzdC5jb20iLCJwZXJtaXNzaW9ucyI6W10sInRva2VuX3R5cGUiOiJBQ0NFU1MiLCJpYXQiOjE3NzA2MTUxNzYsImV4cCI6MTc3MDk3NTE3Nn0.2D9FvNPQ8oxSBFAUUuhADmoMHymzvgcq7oh1Lu2I-5H4ppEXKPVHaCDuCYoG96MyV-NVZwcexqM1-CLzpt-b2g
82,eyJhbGciOiJIUzUxMiJ9.eyJzdWIiOiI4MiIsInJvbGUiOiJHRU5FUkFMIiwiZW1haWwiOiJ1c2VyODJAdGVzdC5jb20iLCJwZXJtaXNzaW9ucyI6W10sInRva2VuX3R5cGUiOiJBQ0NFU1MiLCJpYXQiOjE3NzA2MTUxNzYsImV4cCI6MTc3MDk3NTE3Nn0.UTO3dElSgVgg7cyVO2v_6vKJK3dMYzQZi5bmdkYwezgsZw8fmjXKMCCQ9uv7d6iYJvsDygLPzJeSCV6mHJIbJA
83,eyJhbGciOiJIUzUxMiJ9.eyJzdWIiOiI4MyIsInJvbGUiOiJHRU5FUkFMIiwiZW1haWwiOiJ1c2VyODNAdGVzdC5jb20iLCJwZXJtaXNzaW9ucyI6W10sInRva2VuX3R5cGUiOiJBQ0NFU1MiLCJpYXQiOjE3NzA2MTUxNzYsImV4cCI6MTc3MDk3NTE3Nn0.obK-DLAjUX3yIfHnnGoQhvIX54pY-eOJtAa7KAQmyGV5CmFcKnpmIQd9D9qppA1nh5Hw-zA0ZJmGY-jV9A1toA
84,eyJhbGciOiJIUzUxMiJ9.eyJzdWIiOiI4NCIsInJvbGUiOiJHRU5FUkFMIiwiZW1haWwiOiJ1c2VyODRAdGVzdC5jb20iLCJwZXJtaXNzaW9ucyI6W10sInRva2VuX3R5cGUiOiJBQ0NFU1MiLCJpYXQiOjE3NzA2MTUxNzYsImV4cCI6MTc3MDk3NTE3Nn0.swFJzgTujBXoQWXwv40CJDSlLhWqXGhIxHwnIUaCZ3sH2BWAndpaVuDvbaC8DkvqCvkleF-byy_8XBja6MM2vg
85,eyJhbGciOiJIUzUxMiJ9.eyJzdWIiOiI4NSIsInJvbGUiOiJHRU5FUkFMIiwiZW1haWwiOiJ1c2VyODVAdGVzdC5jb20iLCJwZXJtaXNzaW9ucyI6W10sInRva2VuX3R5cGUiOiJBQ0NFU1MiLCJpYXQiOjE3NzA2MTUxNzYsImV4cCI6MTc3MDk3NTE3Nn0.ExVZjy4NNadA5laHuCP7vES5XCpzZbn-e1zuu9v8iTk9Y3s5Jsx-CWRm9RGrCfVoKO7b1oV9E9SPROEwE7xCMg
86,eyJhbGciOiJIUzUxMiJ9.eyJzdWIiOiI4NiIsInJvbGUiOiJHRU5FUkFMIiwiZW1haWwiOiJ1c2VyODZAdGVzdC5jb20iLCJwZXJtaXNzaW9ucyI6W10sInRva2VuX3R5cGUiOiJBQ0NFU1MiLCJpYXQiOjE3NzA2MTUxNzYsImV4cCI6MTc3MDk3NTE3Nn0.71HF0R4BoVnP16ZipQB_3C_hTRFPPpeGcxR75JPTYt9OWbnc5T73W7ABX3MyBROCT3gc2XIOSIKKUx69ZRhMxg
87,eyJhbGciOiJIUzUxMiJ9.eyJzdWIiOiI4NyIsInJvbGUiOiJHRU5FUkFMIiwiZW1haWwiOiJ1c2VyODdAdGVzdC5jb20iLCJwZXJtaXNzaW9ucyI6W10sInRva2VuX3R5cGUiOiJBQ0NFU1MiLCJpYXQiOjE3NzA2MTUxNzYsImV4cCI6MTc3MDk3NTE3Nn0.yBmgRyypWR2KYYvE9myhHRTI1sk1NXYbOPjM9RY0qvlhdK3SB47_7pA-VpQlWzfOTgrNHAQn1q9HEJ8XxKCvEg
88,eyJhbGciOiJIUzUxMiJ9.eyJzdWIiOiI4OCIsInJvbGUiOiJHRU5FUkFMIiwiZW1haWwiOiJ1c2VyODhAdGVzdC5jb20iLCJwZXJtaXNzaW9ucyI6W10sInRva2VuX3R5cGUiOiJBQ0NFU1MiLCJpYXQiOjE3NzA2MTUxNzYsImV4cCI6MTc3MDk3NTE3Nn0.acoU_PGKdM2Wlxfmatr2Wxn6PMTufHgfvgj5i1-b8AJmcnX-4Oizdf0b2zcxVQqIFOw_1iJ7ukpGiurYMKtObw
89,eyJhbGciOiJIUzUxMiJ9.eyJzdWIiOiI4OSIsInJvbGUiOiJHRU5FUkFMIiwiZW1haWwiOiJ1c2VyODlAdGVzdC5jb20iLCJwZXJtaXNzaW9ucyI6W10sInRva2VuX3R5cGUiOiJBQ0NFU1MiLCJpYXQiOjE3NzA2MTUxNzYsImV4cCI6MTc3MDk3NTE3Nn0.tH6On_N6geMlSPtI0GSH6OIjcxDM40aMmGtUTdWEkwLbotugxNbzpOAKmIGaRoAja8qnHDaeSj96IPCpNAbG3A
90,eyJhbGciOiJIUzUxMiJ9.eyJzdWIiOiI5MCIsInJvbGUiOiJHRU5FUkFMIiwiZW1haWwiOiJ1c2VyOTBAdGVzdC5jb20iLCJwZXJtaXNzaW9ucyI6W10sInRva2VuX3R5cGUiOiJBQ0NFU1MiLCJpYXQiOjE3NzA2MTUxNzYsImV4cCI6MTc3MDk3NTE3Nn0.QdfAOcMAh83MG_aKreev1ivA8cz9UsaQCev8cm-CqD3rTpLozVUP6krAhzsJur87GUkkwBYrPo9s0CYmIFACQw
91,eyJhbGciOiJIUzUxMiJ9.eyJzdWIiOiI5MSIsInJvbGUiOiJHRU5FUkFMIiwiZW1haWwiOiJ1c2VyOTFAdGVzdC5jb20iLCJwZXJtaXNzaW9ucyI6W10sInRva2VuX3R5cGUiOiJBQ0NFU1MiLCJpYXQiOjE3NzA2MTUxNzYsImV4cCI6MTc3MDk3NTE3Nn0.ZRAdKJaN_bMD40H4jM8QoPSN4I_DnIQUmsWmIYOoB8-gYgJMAY9jqR20UjbgAUHTvgra_UGgpqj1Q9TG5Xgjmw
92,eyJhbGciOiJIUzUxMiJ9.eyJzdWIiOiI5MiIsInJvbGUiOiJHRU5FUkFMIiwiZW1haWwiOiJ1c2VyOTJAdGVzdC5jb20iLCJwZXJtaXNzaW9ucyI6W10sInRva2VuX3R5cGUiOiJBQ0NFU1MiLCJpYXQiOjE3NzA2MTUxNzYsImV4cCI6MTc3MDk3NTE3Nn0.yU_ewRq-qzUWlkbt9P44jCeCWJsstKn6jvBsN6JvVLHb6VWf2ZM8I94e89RAU2fhau9lAEJSA-zFXAN0CJ80yw
93,eyJhbGciOiJIUzUxMiJ9.eyJzdWIiOiI5MyIsInJvbGUiOiJHRU5FUkFMIiwiZW1haWwiOiJ1c2VyOTNAdGVzdC5jb20iLCJwZXJtaXNzaW9ucyI6W10sInRva2VuX3R5cGUiOiJBQ0NFU1MiLCJpYXQiOjE3NzA2MTUxNzYsImV4cCI6MTc3MDk3NTE3Nn0.YWZcvFQomp0O3WiMyEpkzZS_0Sg2BpQ1wbGWP4GdbWehcljE_hlxY5Fs8BEjai2gY_tDA7u1zeQsqZMnL0ssRg
94,eyJhbGciOiJIUzUxMiJ9.eyJzdWIiOiI5NCIsInJvbGUiOiJHRU5FUkFMIiwiZW1haWwiOiJ1c2VyOTRAdGVzdC5jb20iLCJwZXJtaXNzaW9ucyI6W10sInRva2VuX3R5cGUiOiJBQ0NFU1MiLCJpYXQiOjE3NzA2MTUxNzYsImV4cCI6MTc3MDk3NTE3Nn0.aeM5640PafTxgf3FudHxpLIUJFF4Pkd7A0Ql4-J0tDF_KgOs-Ug4BLuY4R4dBVzzAO2uYvCZ1PjIJQC7cAdb9A
95,eyJhbGciOiJIUzUxMiJ9.eyJzdWIiOiI5NSIsInJvbGUiOiJHRU5FUkFMIiwiZW1haWwiOiJ1c2VyOTVAdGVzdC5jb20iLCJwZXJtaXNzaW9ucyI6W10sInRva2VuX3R5cGUiOiJBQ0NFU1MiLCJpYXQiOjE3NzA2MTUxNzYsImV4cCI6MTc3MDk3NTE3Nn0.KAd0gwBgF61rjfJvc8X1pdaYsJb9FnUnf1sG1_6RF6p0TTbX7t_3ef9AXowRE4C0bg56Fc1LVAOoWvEsVEOY0Q
96,eyJhbGciOiJIUzUxMiJ9.eyJzdWIiOiI5NiIsInJvbGUiOiJHRU5FUkFMIiwiZW1haWwiOiJ1c2VyOTZAdGVzdC5jb20iLCJwZXJtaXNzaW9ucyI6W10sInRva2VuX3R5cGUiOiJBQ0NFU1MiLCJpYXQiOjE3NzA2MTUxNzYsImV4cCI6MTc3MDk3NTE3Nn0.YpW2j9fZI5ZYdyPjxWM9np0Mf_Le1f9srhL-Cw5U3cokFEYzWx5pq43tWgd17QSwIn77xVMzcehnfGFshYYTRQ
97,eyJhbGciOiJIUzUxMiJ9.eyJzdWIiOiI5NyIsInJvbGUiOiJHRU5FUkFMIiwiZW1haWwiOiJ1c2VyOTdAdGVzdC5jb20iLCJwZXJtaXNzaW9ucyI6W10sInRva2VuX3R5cGUiOiJBQ0NFU1MiLCJpYXQiOjE3NzA2MTUxNzYsImV4cCI6MTc3MDk3NTE3Nn0.pD0ngm-EwGuL5P-j-m3phdm1OekCkfcO4ijFDV2xBF8rEveXVn0t19W2Zn5gV5pYhGnJt9FBEgesMBidg62SQQ
98,eyJhbGciOiJIUzUxMiJ9.eyJzdWIiOiI5OCIsInJvbGUiOiJHRU5FUkFMIiwiZW1haWwiOiJ1c2VyOThAdGVzdC5jb20iLCJwZXJtaXNzaW9ucyI6W10sInRva2VuX3R5cGUiOiJBQ0NFU1MiLCJpYXQiOjE3NzA2MTUxNzYsImV4cCI6MTc3MDk3NTE3Nn0.Bg-vepl49V88fszNEyHuYcsdIAVKGS6-m0Y7yuCwWmLkQkTle_Vty5evmh-P8cQJr_VA1q_q1VTDDuSMxkhqHg
99,eyJhbGciOiJIUzUxMiJ9.eyJzdWIiOiI5OSIsInJvbGUiOiJHRU5FUkFMIiwiZW1haWwiOiJ1c2VyOTlAdGVzdC5jb20iLCJwZXJtaXNzaW9ucyI6W10sInRva2VuX3R5cGUiOiJBQ0NFU1MiLCJpYXQiOjE3NzA2MTUxNzYsImV4cCI6MTc3MDk3NTE3Nn0.vTujB0lqysc247GA4ZLP4YJtX1bupfgETplyfad1GwjqVeOd44u6LTcdEZu0lV3oOaruwF2hmjzM0ZJgH6hxaQ
100,eyJhbGciOiJIUzUxMiJ9.eyJzdWIiOiIxMDAiLCJyb2xlIjoiR0VORVJBTCIsImVtYWlsIjoidXNlcjEwMEB0ZXN0LmNvbSIsInBlcm1pc3Npb25zIjpbXSwidG9rZW5fdHlwZSI6IkFDQ0VTUyIsImlhdCI6MTc3MDYxNTE3NiwiZXhwIjoxNzcwOTc1MTc2fQ.T3lv9oQVcKIeZQwFnyq7IvS1ZnIe1PDzPh7q3aCB9GVpY6E9iFwHoaD6KQ_Gk5pXA3Eqd5PeidKIesa90ehGFQ
101,eyJhbGciOiJIUzUxMiJ9.eyJzdWIiOiIxMDEiLCJyb2xlIjoiR0VORVJBTCIsImVtYWlsIjoidXNlcjEwMUB0ZXN0LmNvbSIsInBlcm1pc3Npb25zIjpbXSwidG9rZW5fdHlwZSI6IkFDQ0VTUyIsImlhdCI6MTc3MDYxNTE3NiwiZXhwIjoxNzcwOTc1MTc2fQ.yTv3GA09BwDwkvmkTP1v5_jsfpXzp8R2xjTyfZ9mQfpyOBQ59T3BDzuyAIghMPsWarOHf1NdyBRpKI7h_2qpww
102,eyJhbGciOiJIUzUxMiJ9.eyJzdWIiOiIxMDIiLCJyb2xlIjoiR0VORVJBTCIsImVtYWlsIjoidXNlcjEwMkB0ZXN0LmNvbSIsInBlcm1pc3Npb25zIjpbXSwidG9rZW5fdHlwZSI6IkFDQ0VTUyIsImlhdCI6MTc3MDYxNTE3NiwiZXhwIjoxNzcwOTc1MTc2fQ.uXPXzvpFaAkiRdqXKjfSHUhgQ8gqBN0BqH_12F-X82jrkQz4hTpuvs8vFrUgvSKAaOizfuJuAgfb-i7xg9tpuQ
103,eyJhbGciOiJIUzUxMiJ9.eyJzdWIiOiIxMDMiLCJyb2xlIjoiR0VORVJBTCIsImVtYWlsIjoidXNlcjEwM0B0ZXN0LmNvbSIsInBlcm1pc3Npb25zIjpbXSwidG9rZW5fdHlwZSI6IkFDQ0VTUyIsImlhdCI6MTc3MDYxNTE3NiwiZXhwIjoxNzcwOTc1MTc2fQ.pQgN1uvRmevwxXxQIyTi_qoVhe2TcDzGtp4SgVyeSQZfNKmw6-hTCQtu6cyCU0Cd_Dz9xr95-mHlg0Wvk1SBHg
